{
  "nodes": [
    [
      0.30651712,
      6.253808
    ],
    [
      0.29575753,
      4.0948496
    ],
    [
      0.30798864,
      1.9239821
    ],
    [
      2.3058264,
      4.049649
    ],
    [
      3.1374605,
      2.4976568
    ],
    [
      2.3223796,
      3.0015297
    ],
    [
      5.0999365,
      2.496047
    ],
    [
      4.1058927,
      1.9555259
    ],
    [
      2.781558,
      4.0458784
    ],
    [
      3.391926,
      2.9518232
    ],
    [
      4.81664,
      2.8938856
    ],
    [
      2.3230686,
      5.145544
    ],
    [
      1.1593502,
      7.1591988
    ],
    [
      0.10654092,
      7.6831203
    ]
  ],
  "edges": [
    [
      0,
      0
    ],
    [
      1,
      2
    ],
    [
      0,
      1
    ],
    [
      0,
      3
    ],
    [
      3,
      1
    ],
    [
      4,
      5
    ],
    [
      3,
      5
    ],
    [
      5,
      2
    ],
    [
      1,
      5
    ],
    [
      0,
      5
    ],
    [
      4,
      2
    ],
    [
      6,
      7
    ],
    [
      4,
      7
    ],
    [
      1,
      1
    ],
    [
      2,
      7
    ],
    [
      3,
      8
    ],
    [
      4,
      9
    ],
    [
      6,
      10
    ],
    [
      11,
      0
    ],
    [
      11,
      1
    ],
    [
      11,
      3
    ],
    [
      11,
      2
    ],
    [
      3,
      2
    ],
    [
      12,
      0
    ],
    [
      12,
      11
    ],
    [
      12,
      3
    ],
    [
      12,
      5
    ],
    [
      12,
      13
    ],
    [
      0,
      13
    ]
  ],
  "shoot_idxs": []
}